Trade ID,Date,Entry Time,Size,Entry,Take Profit,Stop Loss,Exit,Candle Count,Exit Type,"Trade Model ",Cumulative Equity,Tag,Trade Result Screenshot,Duration (mins),PnL,Trade Result,Direction,Day,Account,R:R,Win Indicator,Loss Indicator,Psychological Factors	,Lesson Learned,Time Frame,Bias,Current Balance,Compliance Check,Event Release Time,Events,HTF Key Level Focus,Initial Balance,Market Reaction on News Release,Market Sentiment,Planned Entry,Planned RRR,Planned SL,Planned TP,Pre-Market Emotions,Pre-Market Notes,Trade Plan,Trade Plan Screenshot,Actionable Steps,Event Type,"Market Conditions ",Ref: Events,Ref: Events Release Time,Risk %,Session,Duration (hrs),RoR,Stop Distance,Trade Performance Summary,Drawdown,Peak Value,Absolute Daily PnL,Error,Loss Value,Month,Multiplier,Profit Value,Symbol 1
Trade #78,02/27/2025,10:10 am,0.3,2877.044,2851.582,2885.511,2851.582,45,Target Hit,Gap Guardian (Live) (https://www.notion.so/Gap-Guardian-Live-199b632af11081df960fc988a6c3ac8d?pvs=21),128520.1,Prop Firms,,675,763.86,WIN,SELL,Thursday,Prop Firms (https://www.notion.so/Prop-Firms-199b632af110810282c0fd949b38d647?pvs=21),3.01,1,0,,,15m,,99709.1,Did Not Plan,,,,100000,,,,,,,,,,,,,,,,0.29,NY am,11.25,88.500558211831,8.467,"📊 Trade Performance Summary
Symbol: @XAUUSD
Entry Price: $2877.04
Exit Price: $2851.58
P/L: $763.86
Trade Model: @Gap Guardian (Live)
Date: 02/27/2025",0,128520.1,763.86,,0,February,100,763.86,XAUUSD (https://www.notion.so/XAUUSD-199b632af110810a99e4fc7d09193617?pvs=21)
Trade #77,02/26/2025,9:30 am,0.3,2901.284,2919.869,2895.144,2919.869,30,Target Hit,Gap Guardian (Live) (https://www.notion.so/Gap-Guardian-Live-199b632af11081df960fc988a6c3ac8d?pvs=21),127756.24,Prop Firms,,450,557.55,WIN,BUY,Wednesday,Prop Firms (https://www.notion.so/Prop-Firms-199b632af110810282c0fd949b38d647?pvs=21),3.03,1,0,,,15m,,99709.1,Did Not Plan,,,,100000,,,,,,,,,,,,,,,,0.21,NY am,7.5,64.057844733573,6.14,"📊 Trade Performance Summary
Symbol: @XAUUSD
Entry Price: $2901.28
Exit Price: $2919.87
P/L: $557.55
Trade Model: @Gap Guardian (Live)
Date: 02/26/2025",0,127756.24,557.55,,0,February,100,557.55,XAUUSD (https://www.notion.so/XAUUSD-199b632af110810a99e4fc7d09193617?pvs=21)
Trade #76,02/25/2025,9:30 am,0.3,2943.05,2929.193,2947.645,2929.193,3,Target Hit,Gap Guardian (Live) (https://www.notion.so/Gap-Guardian-Live-199b632af11081df960fc988a6c3ac8d?pvs=21),127198.69,Prop Firms,,45,415.71,WIN,SELL,Tuesday,Prop Firms (https://www.notion.so/Prop-Firms-199b632af110810282c0fd949b38d647?pvs=21),3.02,1,0,,,15m,,99709.1,Did Not Plan,,,,100000,,,,,,,,,,,,,,,,0.16,NY am,0.75,47.08380761455,4.595,"📊 Trade Performance Summary
Symbol: @XAUUSD
Entry Price: $2943.05
Exit Price: $2929.19
P/L: $415.71
Trade Model: @Gap Guardian (Live)
Date: 02/25/2025",0,127198.69,415.71,,0,February,100,415.71,XAUUSD (https://www.notion.so/XAUUSD-199b632af110810a99e4fc7d09193617?pvs=21)
Trade #75,02/20/2025,10:00 am,0.3,2932.75,2942.987,2929.337,2942.987,6,Target Hit,Gap Guardian (Live) (https://www.notion.so/Gap-Guardian-Live-199b632af11081df960fc988a6c3ac8d?pvs=21),126782.98,Prop Firms,,90,307.11,WIN,BUY,Thursday,Prop Firms (https://www.notion.so/Prop-Firms-199b632af110810282c0fd949b38d647?pvs=21),3,1,0,,,15m,,99709.1,Did Not Plan,,,,100000,,,,,,,,,,,,,,,,0.12,NY am,1.5,34.905805131702,3.413,"📊 Trade Performance Summary
Symbol: @XAUUSD
Entry Price: $2932.75
Exit Price: $2942.99
P/L: $307.11
Trade Model: @Gap Guardian (Live)
Date: 02/20/2025",0,126782.98,307.11,,0,February,100,307.11,XAUUSD (https://www.notion.so/XAUUSD-199b632af110810a99e4fc7d09193617?pvs=21)
Trade #74,02/19/2025,9:45 am,0.3,2939.726,2933.688,2941.739,2933.688,3,Target Hit,Gap Guardian (Live) (https://www.notion.so/Gap-Guardian-Live-199b632af11081df960fc988a6c3ac8d?pvs=21),126475.87,Prop Firms,,45,181.14,WIN,SELL,Wednesday,Prop Firms (https://www.notion.so/Prop-Firms-199b632af110810282c0fd949b38d647?pvs=21),3,1,0,,,15m,,99709.1,Did Not Plan,,,,100000,,,,,,,,,,,,,,,,0.07,NY am,0.75,20.539329175576,2.013,"📊 Trade Performance Summary
Symbol: @XAUUSD
Entry Price: $2939.73
Exit Price: $2933.69
P/L: $181.14
Trade Model: @Gap Guardian (Live)
Date: 02/19/2025",0,126475.87,181.14,,0,February,100,181.14,XAUUSD (https://www.notion.so/XAUUSD-199b632af110810a99e4fc7d09193617?pvs=21)
Trade #73,02/18/2025,9:30 am,0.3,2922.479,2929.845,2920.022,2929.845,9,Target Hit,Gap Guardian (Live) (https://www.notion.so/Gap-Guardian-Live-199b632af11081df960fc988a6c3ac8d?pvs=21),126294.73,Prop Firms,,135,220.98,WIN,BUY,Tuesday,Prop Firms (https://www.notion.so/Prop-Firms-199b632af110810282c0fd949b38d647?pvs=21),3,1,0,,,15m,,99709.1,Did Not Plan,,,,100000,,,,,,,,,,,,,,,,0.08,NY am,2.25,25.204629357474,2.457,"📊 Trade Performance Summary
Symbol: @XAUUSD
Entry Price: $2922.48
Exit Price: $2929.85
P/L: $220.98
Trade Model: @Gap Guardian (Live)
Date: 02/18/2025",0,126294.73,220.98,,0,February,100,220.98,XAUUSD (https://www.notion.so/XAUUSD-199b632af110810a99e4fc7d09193617?pvs=21)
Trade #72,02/13/2025,9:45 am,0.3,2913.767,2927.164,2909.298,2927.164,19,,Gap Guardian (Live) (https://www.notion.so/Gap-Guardian-Live-199b632af11081df960fc988a6c3ac8d?pvs=21),126073.75,Prop Firms,,285,401.91,WIN,BUY,Thursday,Prop Firms (https://www.notion.so/Prop-Firms-199b632af110810282c0fd949b38d647?pvs=21),3,1,0,,,15m,,99709.1,Did Not Plan,,,,100000,,,,,,,,,,,,,,,,0.15,NY am,4.75,45.978281722595,4.469,"📊 Trade Performance Summary
Symbol: @XAUUSD
Entry Price: $2913.77
Exit Price: $2927.16
P/L: $401.91
Trade Model: @Gap Guardian (Live)
Date: 02/13/2025",0,126073.75,401.91,,0,February,100,401.91,XAUUSD (https://www.notion.so/XAUUSD-199b632af110810a99e4fc7d09193617?pvs=21)
Trade #71,02/12/2025,9:45 am,0.3,2890.293,2914.614,2882.214,2914.614,46,,Gap Guardian (Live) (https://www.notion.so/Gap-Guardian-Live-199b632af11081df960fc988a6c3ac8d?pvs=21),125671.84,Prop Firms,,690,729.63,WIN,BUY,Wednesday,Prop Firms (https://www.notion.so/Prop-Firms-199b632af110810282c0fd949b38d647?pvs=21),3.01,1,0,,,15m,,99709.1,Did Not Plan,,,,100000,,,,,,,,,,,,,,,,0.28,NY am,11.5,84.147178158062,8.079,"📊 Trade Performance Summary
Symbol: @XAUUSD
Entry Price: $2890.29
Exit Price: $2914.61
P/L: $729.63
Trade Model: @Gap Guardian (Live)
Date: 02/12/2025",0,125671.84,729.63,,0,February,100,729.63,XAUUSD (https://www.notion.so/XAUUSD-199b632af110810a99e4fc7d09193617?pvs=21)
Trade #70,02/11/2025,9:30 am,0.3,2902.032,2885.813,2907.439,2907.439,7,,Gap Guardian (Live) (https://www.notion.so/Gap-Guardian-Live-199b632af11081df960fc988a6c3ac8d?pvs=21),124942.21,Prop Firms,,105,-162.21,LOSS,SELL,Tuesday,Prop Firms (https://www.notion.so/Prop-Firms-199b632af110810282c0fd949b38d647?pvs=21),3,0,1,,,15m,,99709.1,Did Not Plan,,,,100000,,,,,,,,,,,,,,,,0.19,NY am,1.75,-18.631772495961,5.407,"📊 Trade Performance Summary
Symbol: @XAUUSD
Entry Price: $2902.03
Exit Price: $2907.44
P/L: $-162.21
Trade Model: @Gap Guardian (Live)
Date: 02/11/2025",-0.001296596875,125104.42,162.21,Did Not Plan (https://www.notion.so/Did-Not-Plan-1a1b632af110804db647db8c4986825a?pvs=21),-162.21,February,100,0,XAUUSD (https://www.notion.so/XAUUSD-199b632af110810a99e4fc7d09193617?pvs=21)
Trade #69,02/06/2025,9:30 am,0.3,2857.86,2836.181,2865.087,2836.181,4,,Gap Guardian (Live) (https://www.notion.so/Gap-Guardian-Live-199b632af11081df960fc988a6c3ac8d?pvs=21),125104.42,Prop Firms,,60,650.37,WIN,SELL,Thursday,Prop Firms (https://www.notion.so/Prop-Firms-199b632af110810282c0fd949b38d647?pvs=21),3,1,0,,,15m,,99709.1,Did Not Plan,,,,100000,,,,,,,,,,,,,,,,0.25,NY am,1,75.857459777596,7.227,"📊 Trade Performance Summary
Symbol: @XAUUSD
Entry Price: $2857.86
Exit Price: $2836.18
P/L: $650.37
Trade Model: @Gap Guardian (Live)
Date: 02/06/2025",0,125104.42,650.37,,0,February,100,650.37,XAUUSD (https://www.notion.so/XAUUSD-199b632af110810a99e4fc7d09193617?pvs=21)
Trade #68,02/05/2025,9:45 am,0.3,2866.006,2877.883,2862.047,2877.883,4,,Gap Guardian (Live) (https://www.notion.so/Gap-Guardian-Live-199b632af11081df960fc988a6c3ac8d?pvs=21),124454.05,Prop Firms,,60,356.31,WIN,BUY,Wednesday,Prop Firms (https://www.notion.so/Prop-Firms-199b632af110810282c0fd949b38d647?pvs=21),3,1,0,,,15m,,99709.1,Did Not Plan,,,,100000,,,,,,,,,,,,,,,,0.14,NY am,1,41.440946041285,3.959,"📊 Trade Performance Summary
Symbol: @XAUUSD
Entry Price: $2866.01
Exit Price: $2877.88
P/L: $356.31
Trade Model: @Gap Guardian (Live)
Date: 02/05/2025",0,124454.05,356.31,,0,February,100,356.31,XAUUSD (https://www.notion.so/XAUUSD-199b632af110810a99e4fc7d09193617?pvs=21)
Trade #67,02/04/2025,10:30 am,0.3,2835.329,2846.523,2831.606,2846.523,32,,Gap Guardian (Live) (https://www.notion.so/Gap-Guardian-Live-199b632af11081df960fc988a6c3ac8d?pvs=21),124097.74,Prop Firms,,480,335.82,WIN,BUY,Tuesday,Prop Firms (https://www.notion.so/Prop-Firms-199b632af110810282c0fd949b38d647?pvs=21),3.01,1,0,,,15m,,99709.1,Did Not Plan,,,,100000,,,,,,,,,,,,,,,,0.13,NY am,8,39.480427139143,3.723,"📊 Trade Performance Summary
Symbol: @XAUUSD
Entry Price: $2835.33
Exit Price: $2846.52
P/L: $335.82
Trade Model: @Gap Guardian (Live)
Date: 02/04/2025",0,124097.74,335.82,,0,February,100,335.82,XAUUSD (https://www.notion.so/XAUUSD-199b632af110810a99e4fc7d09193617?pvs=21)
Trade #65,01/30/2025,9:30 am,0.3,2782.365,2792.633,2778.939,2792.633,6,,Gap Guardian (Live) (https://www.notion.so/Gap-Guardian-Live-199b632af11081df960fc988a6c3ac8d?pvs=21),123761.92,Prop Firms,,90,308.04,WIN,BUY,Thursday,Prop Firms (https://www.notion.so/Prop-Firms-199b632af110810282c0fd949b38d647?pvs=21),3,1,0,,,15m,,99709.1,Did Not Plan,,,,100000,,,,,,,,,,,,,,,,0.12,NY am,1.5,36.903856970599,3.426,"📊 Trade Performance Summary
Symbol: @XAUUSD
Entry Price: $2782.37
Exit Price: $2792.63
P/L: $308.04
Trade Model: @Gap Guardian (Live)
Date: 01/30/2025",0,123761.92,308.04,,0,January,100,308.04,XAUUSD (https://www.notion.so/XAUUSD-199b632af110810a99e4fc7d09193617?pvs=21)
Trade #64,01/29/2025,9:45 am,0.3,2761.137,2750.878,2764.542,2750.878,3,,Gap Guardian (Live) (https://www.notion.so/Gap-Guardian-Live-199b632af11081df960fc988a6c3ac8d?pvs=21),123453.88,Prop Firms,,45,307.77,WIN,SELL,Wednesday,Prop Firms (https://www.notion.so/Prop-Firms-199b632af110810282c0fd949b38d647?pvs=21),3.01,1,0,,,15m,,99709.1,Did Not Plan,,,,100000,,,,,,,,,,,,,,,,0.12,NY am,0.75,37.154983617256,3.405,"📊 Trade Performance Summary
Symbol: @XAUUSD
Entry Price: $2761.14
Exit Price: $2750.88
P/L: $307.77
Trade Model: @Gap Guardian (Live)
Date: 01/29/2025",0,123453.88,307.77,,0,January,100,307.77,XAUUSD (https://www.notion.so/XAUUSD-199b632af110810a99e4fc7d09193617?pvs=21)
Trade #63,01/28/2025,10:00 am,0.3,2753.177,2761.898,2750.27,2761.898,14,,Gap Guardian (Live) (https://www.notion.so/Gap-Guardian-Live-199b632af11081df960fc988a6c3ac8d?pvs=21),123146.11,Prop Firms,,210,261.63,WIN,BUY,Tuesday,Prop Firms (https://www.notion.so/Prop-Firms-199b632af110810282c0fd949b38d647?pvs=21),3,1,0,,,15m,,99709.1,Did Not Plan,,,,100000,,,,,,,,,,,,,,,,0.11,NY am,3.5,31.676132700513,2.907,"📊 Trade Performance Summary
Symbol: @XAUUSD
Entry Price: $2753.18
Exit Price: $2761.9
P/L: $261.63
Trade Model: @Gap Guardian (Live)
Date: 01/28/2025",0,123146.11,261.63,,0,January,100,261.63,XAUUSD (https://www.notion.so/XAUUSD-199b632af110810a99e4fc7d09193617?pvs=21)
Trade #62,01/23/2025,9:45 am,0.3,2741.116,2750.241,2738.074,2750.241,6,,Gap Guardian (Live) (https://www.notion.so/Gap-Guardian-Live-199b632af11081df960fc988a6c3ac8d?pvs=21),122884.48,Prop Firms,,90,273.75,WIN,BUY,Thursday,Prop Firms (https://www.notion.so/Prop-Firms-199b632af110810282c0fd949b38d647?pvs=21),3,1,0,,,15m,,99709.1,Did Not Plan,,,,100000,,,,,,,,,,,,,,,,0.11,NY am,1.5,33.289360975603,3.042,"📊 Trade Performance Summary
Symbol: @XAUUSD
Entry Price: $2741.12
Exit Price: $2750.24
P/L: $273.75
Trade Model: @Gap Guardian (Live)
Date: 01/23/2025",0,122884.48,273.75,,0,January,100,273.75,XAUUSD (https://www.notion.so/XAUUSD-199b632af110810a99e4fc7d09193617?pvs=21)
Trade #61,01/22/2025,9:30 am,0.3,2751.137,2758.532,2748.67,2758.532,6,,Gap Guardian (Live) (https://www.notion.so/Gap-Guardian-Live-199b632af11081df960fc988a6c3ac8d?pvs=21),122610.73,Prop Firms,,90,221.85,WIN,BUY,Wednesday,Prop Firms (https://www.notion.so/Prop-Firms-199b632af110810282c0fd949b38d647?pvs=21),3,1,0,,,15m,,99709.1,Did Not Plan,,,,100000,,,,,,,,,,,,,,,,0.09,NY am,1.5,26.879795517272,2.467,"📊 Trade Performance Summary
Symbol: @XAUUSD
Entry Price: $2751.14
Exit Price: $2758.53
P/L: $221.85
Trade Model: @Gap Guardian (Live)
Date: 01/22/2025",0,122610.73,221.85,,0,January,100,221.85,XAUUSD (https://www.notion.so/XAUUSD-199b632af110810a99e4fc7d09193617?pvs=21)
Trade #60,01/21/2025,9:30 am,0.3,2729.426,2735.496,2727.406,2735.496,2,,Gap Guardian (Live) (https://www.notion.so/Gap-Guardian-Live-199b632af11081df960fc988a6c3ac8d?pvs=21),122388.88,Prop Firms,,30,182.1,WIN,BUY,Tuesday,Prop Firms (https://www.notion.so/Prop-Firms-199b632af110810282c0fd949b38d647?pvs=21),3,1,0,,,15m,,99709.1,Did Not Plan,,,,100000,,,,,,,,,,,,,,,,0.07,NY am,0.5,22.239108149479,2.02,"📊 Trade Performance Summary
Symbol: @XAUUSD
Entry Price: $2729.43
Exit Price: $2735.5
P/L: $182.1
Trade Model: @Gap Guardian (Live)
Date: 01/21/2025",0,122388.88,182.1,,0,January,100,182.1,XAUUSD (https://www.notion.so/XAUUSD-199b632af110810a99e4fc7d09193617?pvs=21)
Trade #59,01/16/2025,9:30 am,0.3,2713.649,2719.2,2711.799,2719.2,2,,Gap Guardian (Live) (https://www.notion.so/Gap-Guardian-Live-199b632af11081df960fc988a6c3ac8d?pvs=21),122206.78,Prop Firms,,30,166.53,WIN,BUY,Thursday,Prop Firms (https://www.notion.so/Prop-Firms-199b632af110810282c0fd949b38d647?pvs=21),3,1,0,,,15m,,99709.1,Did Not Plan,,,,100000,,,,,,,,,,,,,,,,0.07,NY am,0.5,20.455851143608,1.85,"📊 Trade Performance Summary
Symbol: @XAUUSD
Entry Price: $2713.65
Exit Price: $2719.2
P/L: $166.53
Trade Model: @Gap Guardian (Live)
Date: 01/16/2025",0,122206.78,166.53,,0,January,100,166.53,XAUUSD (https://www.notion.so/XAUUSD-199b632af110810a99e4fc7d09193617?pvs=21)
Trade #58,01/15/2025,10:00 am,0.3,2677.924,2689.091,2674.21,2689.091,7,,Gap Guardian (Live) (https://www.notion.so/Gap-Guardian-Live-199b632af11081df960fc988a6c3ac8d?pvs=21),122040.25,Prop Firms,,105,335.01,WIN,BUY,Wednesday,Prop Firms (https://www.notion.so/Prop-Firms-199b632af110810282c0fd949b38d647?pvs=21),3.01,1,0,,,15m,,99709.1,Did Not Plan,,,,100000,,,,,,,,,,,,,,,,0.14,NY am,1.75,41.700212552709,3.714,"📊 Trade Performance Summary
Symbol: @XAUUSD
Entry Price: $2677.92
Exit Price: $2689.09
P/L: $335.01
Trade Model: @Gap Guardian (Live)
Date: 01/15/2025",0,122040.25,335.01,,0,January,100,335.01,XAUUSD (https://www.notion.so/XAUUSD-199b632af110810a99e4fc7d09193617?pvs=21)
Trade #57,01/14/2025,10:00 am,0.3,2665.993,2674.789,2663.061,2674.789,18,,Gap Guardian (Live) (https://www.notion.so/Gap-Guardian-Live-199b632af11081df960fc988a6c3ac8d?pvs=21),121705.24,Prop Firms,,270,263.88,WIN,BUY,Tuesday,Prop Firms (https://www.notion.so/Prop-Firms-199b632af110810282c0fd949b38d647?pvs=21),3,1,0,,,15m,,99709.1,Did Not Plan,,,,100000,,,,,,,,,,,,,,,,0.11,NY am,4.5,32.99333494124,2.932,"📊 Trade Performance Summary
Symbol: @XAUUSD
Entry Price: $2665.99
Exit Price: $2674.79
P/L: $263.88
Trade Model: @Gap Guardian (Live)
Date: 01/14/2025",0,121705.24,263.88,,0,January,100,263.88,XAUUSD (https://www.notion.so/XAUUSD-199b632af110810a99e4fc7d09193617?pvs=21)
Trade #56,01/09/2025,10:00 am,0.3,2672.09,2653.154,2678.389,2678.389,66,,Gap Guardian (Live) (https://www.notion.so/Gap-Guardian-Live-199b632af11081df960fc988a6c3ac8d?pvs=21),121441.36,Prop Firms,,990,-188.97,LOSS,SELL,Thursday,Prop Firms (https://www.notion.so/Prop-Firms-199b632af110810282c0fd949b38d647?pvs=21),3.01,0,1,,,15m,,99709.1,Did Not Plan,,,,100000,,,,,,,,,,,,,,,,0.24,NY am,16.5,-23.573307785292,6.299,"📊 Trade Performance Summary
Symbol: @XAUUSD
Entry Price: $2672.09
Exit Price: $2678.39
P/L: $-188.97
Trade Model: @Gap Guardian (Live)
Date: 01/09/2025",-0.001553642089,121630.33,188.97,Did Not Plan (https://www.notion.so/Did-Not-Plan-1a1b632af110804db647db8c4986825a?pvs=21),-188.97,January,100,0,XAUUSD (https://www.notion.so/XAUUSD-199b632af110810a99e4fc7d09193617?pvs=21)
Trade #54,01/07/2025,9:35 am,0.3,2660.807,2649.967,2664.39,2649.967,2,,Gap Guardian (Live) (https://www.notion.so/Gap-Guardian-Live-199b632af11081df960fc988a6c3ac8d?pvs=21),121630.33,Prop Firms,,30,325.2,WIN,SELL,Tuesday,Prop Firms (https://www.notion.so/Prop-Firms-199b632af110810282c0fd949b38d647?pvs=21),3.03,1,0,,,15m,,99709.1,Did Not Plan,,,,100000,,,,,,,,,,,,,,,,0.13,NY am,0.5,40.739520002766,3.583,"📊 Trade Performance Summary
Symbol: @XAUUSD
Entry Price: $2660.81
Exit Price: $2649.97
P/L: $325.2
Trade Model: @Gap Guardian (Live)
Date: 01/07/2025",0,121630.33,325.2,,0,January,100,325.2,XAUUSD (https://www.notion.so/XAUUSD-199b632af110810a99e4fc7d09193617?pvs=21)
Trade #53,01/02/2025,10:00 am,0.3,2646.467,2657.266,2642.869,2657.266,6,,Gap Guardian (Backtest) (https://www.notion.so/Gap-Guardian-Backtest-199b632af110813ead66d6c7efda5247?pvs=21),121305.13,Backtesting,,90,323.97,WIN,BUY,Thursday,Prop Firms (https://www.notion.so/Prop-Firms-199b632af110810282c0fd949b38d647?pvs=21),3,1,0,,,15m,,99709.1,Did Not Plan,,,,100000,,,,,,,,,,,,,,,,0.14,NY am,1.5,40.805345390666,3.598,"📊 Trade Performance Summary
Symbol: @XAUUSD
Entry Price: $2646.47
Exit Price: $2657.27
P/L: $323.97
Trade Model: @Gap Guardian (Backtest)
Date: 01/02/2025",0,121305.13,323.97,,0,January,100,323.97,XAUUSD (https://www.notion.so/XAUUSD-199b632af110810a99e4fc7d09193617?pvs=21)
Trade #52,12/31/2024,10:15 am,0.3,2617.966,2626.448,2615.138,2626.448,3,,Gap Guardian (Backtest) (https://www.notion.so/Gap-Guardian-Backtest-199b632af110813ead66d6c7efda5247?pvs=21),120981.16,Prop Firms,,45,254.46,WIN,BUY,Tuesday,Prop Firms (https://www.notion.so/Prop-Firms-199b632af110810282c0fd949b38d647?pvs=21),3,1,0,,,15m,,99709.1,Did Not Plan,,,,100000,,,,,,,,,,,,,,,,0.11,NY am,0.75,32.399198461707,2.828,"📊 Trade Performance Summary
Symbol: @XAUUSD
Entry Price: $2617.97
Exit Price: $2626.45
P/L: $254.46
Trade Model: @Gap Guardian (Backtest)
Date: 12/31/2024",0,120981.16,254.46,,0,December,100,254.46,XAUUSD (https://www.notion.so/XAUUSD-199b632af110810a99e4fc7d09193617?pvs=21)
Trade #51,12/26/2024,9:30 am,0.3,2612.233,2617.04,2610.643,2617.04,2,,Gap Guardian (Backtest) (https://www.notion.so/Gap-Guardian-Backtest-199b632af110813ead66d6c7efda5247?pvs=21),120726.7,Prop Firms,,30,144.21,WIN,BUY,Thursday,Prop Firms (https://www.notion.so/Prop-Firms-199b632af110810282c0fd949b38d647?pvs=21),3.02,1,0,,,15m,,99709.1,Did Not Plan,,,,100000,,,,,,,,,,,,,,,,0.06,NY am,0.5,18.401880689816,1.59,"📊 Trade Performance Summary
Symbol: @XAUUSD
Entry Price: $2612.23
Exit Price: $2617.04
P/L: $144.21
Trade Model: @Gap Guardian (Backtest)
Date: 12/26/2024",0,120726.7,144.21,,0,December,100,144.21,XAUUSD (https://www.notion.so/XAUUSD-199b632af110810a99e4fc7d09193617?pvs=21)
Trade #50,12/25/2024,10:00 am,0.3,2630.046,2637.61,2627.525,2637.61,3,,Gap Guardian (Backtest) (https://www.notion.so/Gap-Guardian-Backtest-199b632af110813ead66d6c7efda5247?pvs=21),120582.49,Prop Firms,,45,226.92,WIN,BUY,Wednesday,Prop Firms (https://www.notion.so/Prop-Firms-199b632af110810282c0fd949b38d647?pvs=21),3,1,0,,,15m,,99709.1,Did Not Plan,,,,100000,,,,,,,,,,,,,,,,0.1,NY am,0.75,28.759953247966,2.521,"📊 Trade Performance Summary
Symbol: @XAUUSD
Entry Price: $2630.05
Exit Price: $2637.61
P/L: $226.92
Trade Model: @Gap Guardian (Backtest)
Date: 12/25/2024",0,120582.49,226.92,,0,December,100,226.92,XAUUSD (https://www.notion.so/XAUUSD-199b632af110810a99e4fc7d09193617?pvs=21)
Trade #49,12/24/2024,9:45 am,0.3,2611.292,2617.843,2609.109,2617.843,10,,Gap Guardian (Backtest) (https://www.notion.so/Gap-Guardian-Backtest-199b632af110813ead66d6c7efda5247?pvs=21),120355.57,Prop Firms,,150,196.53,WIN,BUY,Tuesday,Prop Firms (https://www.notion.so/Prop-Firms-199b632af110810282c0fd949b38d647?pvs=21),3,1,0,,,15m,,99709.1,Did Not Plan,,,,100000,,,,,,,,,,,,,,,,0.08,NY am,2.5,25.087198214524,2.183,"📊 Trade Performance Summary
Symbol: @XAUUSD
Entry Price: $2611.29
Exit Price: $2617.84
P/L: $196.53
Trade Model: @Gap Guardian (Backtest)
Date: 12/24/2024",-0.000170465746,120376.09,196.53,,0,December,100,196.53,XAUUSD (https://www.notion.so/XAUUSD-199b632af110810a99e4fc7d09193617?pvs=21)
Trade #48,12/19/2024,9:30 am,0.3,2597.178,2575.458,2604.413,2604.413,16,,Gap Guardian (Backtest) (https://www.notion.so/Gap-Guardian-Backtest-199b632af110813ead66d6c7efda5247?pvs=21),120159.04,Prop Firms,,240,-217.05,LOSS,SELL,Thursday,Prop Firms (https://www.notion.so/Prop-Firms-199b632af110810282c0fd949b38d647?pvs=21),3,0,1,,,15m,,99709.1,Did Not Plan,,,,100000,,,,,,,,,,,,,,,,0.28,NY am,4,-27.857158808522,7.235,"📊 Trade Performance Summary
Symbol: @XAUUSD
Entry Price: $2597.18
Exit Price: $2604.41
P/L: $-217.05
Trade Model: @Gap Guardian (Backtest)
Date: 12/19/2024",-0.001803098938,120376.09,217.05,Late Exit (https://www.notion.so/Late-Exit-1a1b632af110809d9b61ece119aca9c1?pvs=21),-217.05,December,100,0,XAUUSD (https://www.notion.so/XAUUSD-199b632af110810a99e4fc7d09193617?pvs=21)
Trade #47,12/18/2024,9:30 am,0.3,2638.856,2629.552,2641.941,2629.552,17,,Gap Guardian (Backtest) (https://www.notion.so/Gap-Guardian-Backtest-199b632af110813ead66d6c7efda5247?pvs=21),120376.09,Prop Firms,,255,279.12,WIN,SELL,Wednesday,Prop Firms (https://www.notion.so/Prop-Firms-199b632af110810282c0fd949b38d647?pvs=21),3.02,1,0,,,15m,,99709.1,Did Not Plan,,,,100000,,,,,,,,,,,,,,,,0.12,NY am,4.25,35.257702580209,3.085,"📊 Trade Performance Summary
Symbol: @XAUUSD
Entry Price: $2638.86
Exit Price: $2629.55
P/L: $279.12
Trade Model: @Gap Guardian (Backtest)
Date: 12/18/2024",0,120376.09,279.12,,0,December,100,279.12,XAUUSD (https://www.notion.so/XAUUSD-199b632af110810a99e4fc7d09193617?pvs=21)
Trade #46,12/17/2024,9:45 am,0.3,2637.13,2649.08,2633.141,2649.08,16,,Gap Guardian (Backtest) (https://www.notion.so/Gap-Guardian-Backtest-199b632af110813ead66d6c7efda5247?pvs=21),120096.97,Prop Firms,,240,358.5,WIN,BUY,Tuesday,Prop Firms (https://www.notion.so/Prop-Firms-199b632af110810282c0fd949b38d647?pvs=21),3,1,0,,,15m,,99709.1,Did Not Plan,,,,100000,,,,,,,,,,,,,,,,0.15,NY am,4,45.314413775582,3.989,"📊 Trade Performance Summary
Symbol: @XAUUSD
Entry Price: $2637.13
Exit Price: $2649.08
P/L: $358.5
Trade Model: @Gap Guardian (Backtest)
Date: 12/17/2024",0,120096.97,358.5,,0,December,100,358.5,XAUUSD (https://www.notion.so/XAUUSD-199b632af110810a99e4fc7d09193617?pvs=21)
Trade #45,12/12/2024,9:45 am,0.3,2686.84,2675.727,2690.537,2675.727,4,,Gap Guardian (Backtest) (https://www.notion.so/Gap-Guardian-Backtest-199b632af110813ead66d6c7efda5247?pvs=21),119738.47,Prop Firms,,60,333.39,WIN,SELL,Thursday,Prop Firms (https://www.notion.so/Prop-Firms-199b632af110810282c0fd949b38d647?pvs=21),3.01,1,0,,,15m,,99709.1,Did Not Plan,,,,100000,,,,,,,,,,,,,,,,0.14,NY am,1,41.360855130934,3.697,"📊 Trade Performance Summary
Symbol: @XAUUSD
Entry Price: $2686.84
Exit Price: $2675.73
P/L: $333.39
Trade Model: @Gap Guardian (Backtest)
Date: 12/12/2024",0,119738.47,333.39,,0,December,100,333.39,XAUUSD (https://www.notion.so/XAUUSD-199b632af110810a99e4fc7d09193617?pvs=21)
Trade #44,12/11/2024,9:45 am,0.3,2699.01,2726.295,2690.919,2723.28,42,,Gap Guardian (Backtest) (https://www.notion.so/Gap-Guardian-Backtest-199b632af110813ead66d6c7efda5247?pvs=21),119405.08,Prop Firms,,630,728.1,WIN,BUY,Wednesday,Prop Firms (https://www.notion.so/Prop-Firms-199b632af110810282c0fd949b38d647?pvs=21),3.37,1,0,,,15m,,99709.1,Did Not Plan,,,,100000,,,,,,,,,,,,,,,,0.3,NY am,10.5,89.921860237643,8.091,"📊 Trade Performance Summary
Symbol: @XAUUSD
Entry Price: $2699.01
Exit Price: $2723.28
P/L: $728.1
Trade Model: @Gap Guardian (Backtest)
Date: 12/11/2024",0,119405.08,728.1,,0,December,100,728.1,XAUUSD (https://www.notion.so/XAUUSD-199b632af110810a99e4fc7d09193617?pvs=21)
Trade #43,12/10/2024,10:30 am,0.3,2685.183,2697.372,2681.14,2697.372,29,,Gap Guardian (Backtest) (https://www.notion.so/Gap-Guardian-Backtest-199b632af110813ead66d6c7efda5247?pvs=21),118676.98,Prop Firms,,435,365.67,WIN,BUY,Tuesday,Prop Firms (https://www.notion.so/Prop-Firms-199b632af110810282c0fd949b38d647?pvs=21),3.01,1,0,,,15m,,99709.1,Did Not Plan,,,,100000,,,,,,,,,,,,,,,,0.15,NY am,7.25,45.393554182341,4.043,"📊 Trade Performance Summary
Symbol: @XAUUSD
Entry Price: $2685.18
Exit Price: $2697.37
P/L: $365.67
Trade Model: @Gap Guardian (Backtest)
Date: 12/10/2024",0,118676.98,365.67,,0,December,100,365.67,XAUUSD (https://www.notion.so/XAUUSD-199b632af110810a99e4fc7d09193617?pvs=21)
Trade #42,12/05/2024,10:30 am,0.3,2640.851,2629.647,2644.586,2629.647,38,,Gap Guardian (Backtest) (https://www.notion.so/Gap-Guardian-Backtest-199b632af110813ead66d6c7efda5247?pvs=21),118311.31,Prop Firms,,570,336.12,WIN,SELL,Thursday,Prop Firms (https://www.notion.so/Prop-Firms-199b632af110810282c0fd949b38d647?pvs=21),3,1,0,,,15m,,99709.1,Did Not Plan,,,,100000,,,,,,,,,,,,,,,,0.14,NY am,9.5,42.425718073454,3.735,"📊 Trade Performance Summary
Symbol: @XAUUSD
Entry Price: $2640.85
Exit Price: $2629.65
P/L: $336.12
Trade Model: @Gap Guardian (Backtest)
Date: 12/05/2024",0,118311.31,336.12,,0,December,100,336.12,XAUUSD (https://www.notion.so/XAUUSD-199b632af110810a99e4fc7d09193617?pvs=21)
Trade #41,12/04/2024,10:30 am,0.3,2655.798,2646.798,2658.798,2646.798,37,,Gap Guardian (Backtest) (https://www.notion.so/Gap-Guardian-Backtest-199b632af110813ead66d6c7efda5247?pvs=21),117975.19,Prop Firms,,555,270,WIN,SELL,Wednesday,Prop Firms (https://www.notion.so/Prop-Firms-199b632af110810282c0fd949b38d647?pvs=21),3,1,0,,,15m,,99709.1,Did Not Plan,,,,100000,,,,,,,,,,,,,,,,0.11,NY am,9.25,33.888119503065,3,"📊 Trade Performance Summary
Symbol: @XAUUSD
Entry Price: $2655.8
Exit Price: $2646.8
P/L: $270
Trade Model: @Gap Guardian (Backtest)
Date: 12/04/2024",0,117975.19,270,,0,December,100,270,XAUUSD (https://www.notion.so/XAUUSD-199b632af110810a99e4fc7d09193617?pvs=21)
Trade #40,12/03/2024,9:30 am,0.3,2652.161,2621.947,2661.926,2621.947,671,,Gap Guardian (Backtest) (https://www.notion.so/Gap-Guardian-Backtest-199b632af110813ead66d6c7efda5247?pvs=21),117705.19,Prop Firms,,10065,906.42,WIN,SELL,Tuesday,Prop Firms (https://www.notion.so/Prop-Firms-199b632af110810282c0fd949b38d647?pvs=21),3.09,1,0,,,15m,,99709.1,Did Not Plan,,,,100000,,,,,,,,,,,,,,,,0.37,NY am,167.75,113.922194014617,9.765,"📊 Trade Performance Summary
Symbol: @XAUUSD
Entry Price: $2652.16
Exit Price: $2621.95
P/L: $906.42
Trade Model: @Gap Guardian (Backtest)
Date: 12/03/2024",0,117705.19,906.42,,0,December,100,906.42,XAUUSD (https://www.notion.so/XAUUSD-199b632af110810a99e4fc7d09193617?pvs=21)
Trade #39,11/28/2024,9:45 am,0.3,2644.818,2635.316,2647.97,2635.316,41,,Gap Guardian (Live) (https://www.notion.so/Gap-Guardian-Live-199b632af11081df960fc988a6c3ac8d?pvs=21),116798.77,Prop Firms,,615,285.06,WIN,SELL,Thursday,Prop Firms (https://www.notion.so/Prop-Firms-199b632af110810282c0fd949b38d647?pvs=21),3.01,1,0,,,15m,,99709.1,Did Not Plan,,,,100000,,,,,,,,,,,,,,,,0.12,NY am,10.25,35.926857727072,3.152,"📊 Trade Performance Summary
Symbol: @XAUUSD
Entry Price: $2644.82
Exit Price: $2635.32
P/L: $285.06
Trade Model: @Gap Guardian (Live)
Date: 11/28/2024",0,116798.77,285.06,,0,November,100,285.06,XAUUSD (https://www.notion.so/XAUUSD-199b632af110810a99e4fc7d09193617?pvs=21)
Trade #38,11/27/2024,10:45 am,0.3,2643.19,2627.231,2648.515,2627.231,40,,Gap Guardian (Live) (https://www.notion.so/Gap-Guardian-Live-199b632af11081df960fc988a6c3ac8d?pvs=21),116513.71,Prop Firms,,600,478.77,WIN,SELL,Wednesday,Prop Firms (https://www.notion.so/Prop-Firms-199b632af110810282c0fd949b38d647?pvs=21),3,1,0,,,15m,,99709.1,Did Not Plan,,,,100000,,,,,,,,,,,,,,,,0.2,NY am,10,60.377801066136,5.325,"📊 Trade Performance Summary
Symbol: @XAUUSD
Entry Price: $2643.19
Exit Price: $2627.23
P/L: $478.77
Trade Model: @Gap Guardian (Live)
Date: 11/27/2024",0,116513.71,478.77,,0,November,100,478.77,XAUUSD (https://www.notion.so/XAUUSD-199b632af110810a99e4fc7d09193617?pvs=21)
Trade #37,11/26/2024,9:45 am,0.3,2620.557,2649.635,2610.909,2649.635,69,,Gap Guardian (Live) (https://www.notion.so/Gap-Guardian-Live-199b632af11081df960fc988a6c3ac8d?pvs=21),116034.94,Prop Firms,,1035,872.34,WIN,BUY,Tuesday,Prop Firms (https://www.notion.so/Prop-Firms-199b632af110810282c0fd949b38d647?pvs=21),3.01,1,0,,,15m,,99709.1,Did Not Plan,,,,100000,,,,,,,,,,,,,,,,0.37,NY am,17.25,110.961142993646,9.648,"📊 Trade Performance Summary
Symbol: @XAUUSD
Entry Price: $2620.56
Exit Price: $2649.64
P/L: $872.34
Trade Model: @Gap Guardian (Live)
Date: 11/26/2024",0,116034.94,872.34,,0,November,100,872.34,XAUUSD (https://www.notion.so/XAUUSD-199b632af110810a99e4fc7d09193617?pvs=21)
Trade #36,11/21/2024,9:30 am,0.3,2662.26,2667.995,2660.354,2667.995,2,,Gap Guardian (Live) (https://www.notion.so/Gap-Guardian-Live-199b632af11081df960fc988a6c3ac8d?pvs=21),115162.6,Prop Firms,,30,172.05,WIN,BUY,Thursday,Prop Firms (https://www.notion.so/Prop-Firms-199b632af110810282c0fd949b38d647?pvs=21),3.01,1,0,,,15m,,99709.1,Did Not Plan,,,,100000,,,,,,,,,,,,,,,,0.07,NY am,0.5,21.541847903661,1.906,"📊 Trade Performance Summary
Symbol: @XAUUSD
Entry Price: $2662.26
Exit Price: $2668
P/L: $172.05
Trade Model: @Gap Guardian (Live)
Date: 11/21/2024",0,115162.6,172.05,,0,November,100,172.05,XAUUSD (https://www.notion.so/XAUUSD-199b632af110810a99e4fc7d09193617?pvs=21)
Trade #35,11/20/2024,9:45 am,0.3,2641.855,2667.262,2633.386,2667.262,71,,Gap Guardian (Live) (https://www.notion.so/Gap-Guardian-Live-199b632af11081df960fc988a6c3ac8d?pvs=21),114990.55,Prop Firms,,1065,762.21,WIN,BUY,Wednesday,Prop Firms (https://www.notion.so/Prop-Firms-199b632af110810282c0fd949b38d647?pvs=21),3,1,0,,,15m,,99709.1,Did Not Plan,,,,100000,,,,,,,,,,,,,,,,0.32,NY am,17.75,96.171061621474,8.469,"📊 Trade Performance Summary
Symbol: @XAUUSD
Entry Price: $2641.86
Exit Price: $2667.26
P/L: $762.21
Trade Model: @Gap Guardian (Live)
Date: 11/20/2024",0,114990.55,762.21,,0,November,100,762.21,XAUUSD (https://www.notion.so/XAUUSD-199b632af110810a99e4fc7d09193617?pvs=21)
Trade #34,11/19/2024,10:30 am,0.3,2622.143,2635.117,2617.819,2635.117,29,,Gap Guardian (Live) (https://www.notion.so/Gap-Guardian-Live-199b632af11081df960fc988a6c3ac8d?pvs=21),114228.34,Prop Firms,,435,389.22,WIN,BUY,Tuesday,Prop Firms (https://www.notion.so/Prop-Firms-199b632af110810282c0fd949b38d647?pvs=21),3,1,0,,,15m,,99709.1,Did Not Plan,,,,100000,,,,,,,,,,,,,,,,0.16,NY am,7.25,49.478613485229,4.324,"📊 Trade Performance Summary
Symbol: @XAUUSD
Entry Price: $2622.14
Exit Price: $2635.12
P/L: $389.22
Trade Model: @Gap Guardian (Live)
Date: 11/19/2024",0,114228.34,389.22,,0,November,100,389.22,XAUUSD (https://www.notion.so/XAUUSD-199b632af110810a99e4fc7d09193617?pvs=21)
Trade #33,11/14/2024,10:00 am,0.3,2560.506,2594.02,2554.21,2554.21,58,,Gap Guardian (Live) (https://www.notion.so/Gap-Guardian-Live-199b632af11081df960fc988a6c3ac8d?pvs=21),113839.12,Prop Firms,,870,-188.88,LOSS,BUY,Thursday,Prop Firms (https://www.notion.so/Prop-Firms-199b632af110810282c0fd949b38d647?pvs=21),5.32,0,1,,,15m,,99709.1,Did Not Plan,,,,100000,,,,,,,,,,,,,,,,0.25,NY am,14.5,-24.58888985224,6.296,"📊 Trade Performance Summary
Symbol: @XAUUSD
Entry Price: $2560.51
Exit Price: $2554.21
P/L: $-188.88
Trade Model: @Gap Guardian (Live)
Date: 11/14/2024",-0.001656435262,114028,188.88,Late Exit (https://www.notion.so/Late-Exit-1a1b632af110809d9b61ece119aca9c1?pvs=21),-188.88,November,100,0,XAUUSD (https://www.notion.so/XAUUSD-199b632af110810a99e4fc7d09193617?pvs=21)
Trade #32,11/13/2024,10:45 am,0.3,2601.525,2555.583,2616.828,2555.583,40,,Gap Guardian (Live) (https://www.notion.so/Gap-Guardian-Live-199b632af11081df960fc988a6c3ac8d?pvs=21),114028,Prop Firms,,600,1378.26,WIN,SELL,Wednesday,Prop Firms (https://www.notion.so/Prop-Firms-199b632af110810282c0fd949b38d647?pvs=21),3,1,0,,,15m,,99709.1,Did Not Plan,,,,100000,,,,,,,,,,,,,,,,0.59,NY am,10,176.596419407847,15.303,"📊 Trade Performance Summary
Symbol: @XAUUSD
Entry Price: $2601.53
Exit Price: $2555.58
P/L: $1378.26
Trade Model: @Gap Guardian (Live)
Date: 11/13/2024",0,114028,1378.26,,0,November,100,1378.26,XAUUSD (https://www.notion.so/XAUUSD-199b632af110810a99e4fc7d09193617?pvs=21)
Trade #31,11/12/2024,9:30 am,0.3,2616.412,2594.012,2623.873,2594.012,10,,Gap Guardian (Live) (https://www.notion.so/Gap-Guardian-Live-199b632af11081df960fc988a6c3ac8d?pvs=21),112649.74,Prop Firms,,150,672,WIN,SELL,Tuesday,Prop Firms (https://www.notion.so/Prop-Firms-199b632af110810282c0fd949b38d647?pvs=21),3,1,0,,,15m,,99709.1,Did Not Plan,,,,100000,,,,,,,,,,,,,,,,0.29,NY am,2.5,85.613427854635,7.461,"📊 Trade Performance Summary
Symbol: @XAUUSD
Entry Price: $2616.41
Exit Price: $2594.01
P/L: $672
Trade Model: @Gap Guardian (Live)
Date: 11/12/2024",0,112649.74,672,,0,November,100,672,XAUUSD (https://www.notion.so/XAUUSD-199b632af110810a99e4fc7d09193617?pvs=21)
Trade #30,11/07/2024,9:30 am,0.3,2690.275,2710.296,2683.602,2710.296,23,,Gap Guardian (Live) (https://www.notion.so/Gap-Guardian-Live-199b632af11081df960fc988a6c3ac8d?pvs=21),111977.74,Prop Firms,,345,600.63,WIN,BUY,Thursday,Prop Firms (https://www.notion.so/Prop-Firms-199b632af110810282c0fd949b38d647?pvs=21),3,1,0,,,15m,,99709.1,Did Not Plan,,,,100000,,,,,,,,,,,,,,,,0.25,NY am,5.75,74.419901311204,6.673,"📊 Trade Performance Summary
Symbol: @XAUUSD
Entry Price: $2690.28
Exit Price: $2710.3
P/L: $600.63
Trade Model: @Gap Guardian (Live)
Date: 11/07/2024",0,111977.74,600.63,,0,November,100,600.63,XAUUSD (https://www.notion.so/XAUUSD-199b632af110810a99e4fc7d09193617?pvs=21)
Trade #29,11/06/2024,11:00 am,0.3,2670.796,2633.33,2683.942,2683.942,82,,Gap Guardian (Live) (https://www.notion.so/Gap-Guardian-Live-199b632af11081df960fc988a6c3ac8d?pvs=21),111377.11,Prop Firms,,1230,-394.38,LOSS,SELL,Wednesday,Prop Firms (https://www.notion.so/Prop-Firms-199b632af110810282c0fd949b38d647?pvs=21),2.85,0,1,,,15m,,99709.1,Did Not Plan,,,,100000,,,,,,,,,,,,,,,,0.49,NY am,20.5,-49.221280846609,13.146,"📊 Trade Performance Summary
Symbol: @XAUUSD
Entry Price: $2670.8
Exit Price: $2683.94
P/L: $-394.38
Trade Model: @Gap Guardian (Live)
Date: 11/06/2024",-0.003528448981,111771.49,394.38,Early Entry (https://www.notion.so/Early-Entry-1a1b632af110805499f7c17992bbf066?pvs=21),-394.38,November,100,0,XAUUSD (https://www.notion.so/XAUUSD-199b632af110810a99e4fc7d09193617?pvs=21)
Trade #28,11/05/2024,9:45 am,0.3,2748.504,2740.714,2751.103,2740.714,14,,Gap Guardian (Live) (https://www.notion.so/Gap-Guardian-Live-199b632af11081df960fc988a6c3ac8d?pvs=21),111771.49,Prop Firms,,210,233.7,WIN,SELL,Tuesday,Prop Firms (https://www.notion.so/Prop-Firms-199b632af110810282c0fd949b38d647?pvs=21),3,1,0,,,15m,,99709.1,Did Not Plan,,,,100000,,,,,,,,,,,,,,,,0.09,NY am,3.5,28.342691151259,2.599,"📊 Trade Performance Summary
Symbol: @XAUUSD
Entry Price: $2748.5
Exit Price: $2740.71
P/L: $233.7
Trade Model: @Gap Guardian (Live)
Date: 11/05/2024",0,111771.49,233.7,,0,November,100,233.7,XAUUSD (https://www.notion.so/XAUUSD-199b632af110810a99e4fc7d09193617?pvs=21)
Trade #27,10/31/2024,9:45 am,0.3,2762.247,2735.954,2771.011,2735.954,4,,Gap Guardian (Live) (https://www.notion.so/Gap-Guardian-Live-199b632af11081df960fc988a6c3ac8d?pvs=21),111537.79,Prop Firms,,60,788.79,WIN,SELL,Thursday,Prop Firms (https://www.notion.so/Prop-Firms-199b632af110810282c0fd949b38d647?pvs=21),3,1,0,,,15m,,99709.1,Did Not Plan,,,,100000,,,,,,,,,,,,,,,,0.32,NY am,1,95.186998121457,8.764,"📊 Trade Performance Summary
Symbol: @XAUUSD
Entry Price: $2762.25
Exit Price: $2735.95
P/L: $788.79
Trade Model: @Gap Guardian (Live)
Date: 10/31/2024",0,111537.79,788.79,,0,October,100,788.79,XAUUSD (https://www.notion.so/XAUUSD-199b632af110810a99e4fc7d09193617?pvs=21)
Trade #26,10/30/2024,9:30 am,0.3,2773.599,2811.626,2760.93,2760.93,90,,Gap Guardian (Live) (https://www.notion.so/Gap-Guardian-Live-199b632af11081df960fc988a6c3ac8d?pvs=21),110749,Prop Firms,,1350,-380.07,LOSS,BUY,Wednesday,Prop Firms (https://www.notion.so/Prop-Firms-199b632af110810282c0fd949b38d647?pvs=21),3,0,1,,,15m,,99709.1,Did Not Plan,,,,100000,,,,,,,,,,,,,,,,0.46,NY am,22.5,-45.677114824457,12.669,"📊 Trade Performance Summary
Symbol: @XAUUSD
Entry Price: $2773.6
Exit Price: $2760.93
P/L: $-380.07
Trade Model: @Gap Guardian (Live)
Date: 10/30/2024",-0.003420077213,111129.07,380.07,Missed (https://www.notion.so/Missed-1a1b632af11080fca742d5878c9c4b07?pvs=21),-380.07,October,100,0,XAUUSD (https://www.notion.so/XAUUSD-199b632af110810a99e4fc7d09193617?pvs=21)
Trade #25,10/29/2024,9:30 am,0.3,2753.808,2776.358,2746.29,2776.358,38,,Gap Guardian (Live) (https://www.notion.so/Gap-Guardian-Live-199b632af11081df960fc988a6c3ac8d?pvs=21),111129.07,Prop Firms,,570,676.5,WIN,BUY,Tuesday,Prop Firms (https://www.notion.so/Prop-Firms-199b632af110810282c0fd949b38d647?pvs=21),3,1,0,,,15m,,99709.1,Did Not Plan,,,,100000,,,,,,,,,,,,,,,,0.27,NY am,9.5,81.886609378722,7.518,"📊 Trade Performance Summary
Symbol: @XAUUSD
Entry Price: $2753.81
Exit Price: $2776.36
P/L: $676.5
Trade Model: @Gap Guardian (Live)
Date: 10/29/2024",0,111129.07,676.5,,0,October,100,676.5,XAUUSD (https://www.notion.so/XAUUSD-199b632af110810a99e4fc7d09193617?pvs=21)
Trade #24,10/24/2024,10:00 am,0.3,2734.661,2721.237,2739.135,2721.237,70,,Gap Guardian (Live) (https://www.notion.so/Gap-Guardian-Live-199b632af11081df960fc988a6c3ac8d?pvs=21),110452.57,Prop Firms,,1050,402.72,WIN,SELL,Thursday,Prop Firms (https://www.notion.so/Prop-Firms-199b632af110810282c0fd949b38d647?pvs=21),3,1,0,,,15m,,99709.1,Did Not Plan,,,,100000,,,,,,,,,,,,,,,,0.16,NY am,17.5,49.088351353239,4.474,"📊 Trade Performance Summary
Symbol: @XAUUSD
Entry Price: $2734.66
Exit Price: $2721.24
P/L: $402.72
Trade Model: @Gap Guardian (Live)
Date: 10/24/2024",0,110452.57,402.72,,0,October,100,402.72,XAUUSD (https://www.notion.so/XAUUSD-199b632af110810a99e4fc7d09193617?pvs=21)
Trade #23,10/23/2024,9:30 am,0.3,2740.663,2728.58,2744.69,2728.58,2,,Gap Guardian (Live) (https://www.notion.so/Gap-Guardian-Live-199b632af11081df960fc988a6c3ac8d?pvs=21),110049.85,Prop Firms,,30,362.49,WIN,SELL,Wednesday,Prop Firms (https://www.notion.so/Prop-Firms-199b632af110810282c0fd949b38d647?pvs=21),3,1,0,,,15m,,99709.1,Did Not Plan,,,,100000,,,,,,,,,,,,,,,,0.15,NY am,0.5,44.087872168158,4.027,"📊 Trade Performance Summary
Symbol: @XAUUSD
Entry Price: $2740.66
Exit Price: $2728.58
P/L: $362.49
Trade Model: @Gap Guardian (Live)
Date: 10/23/2024",0,110049.85,362.49,,0,October,100,362.49,XAUUSD (https://www.notion.so/XAUUSD-199b632af110810a99e4fc7d09193617?pvs=21)
Trade #22,10/22/2024,10:00 am,0.3,2734.93,2751.956,2729.255,2751.956,58,,Gap Guardian (Live) (https://www.notion.so/Gap-Guardian-Live-199b632af11081df960fc988a6c3ac8d?pvs=21),109687.36,Prop Firms,,870,510.78,WIN,BUY,Tuesday,Prop Firms (https://www.notion.so/Prop-Firms-199b632af110810282c0fd949b38d647?pvs=21),3,1,0,,,15m,,99709.1,Did Not Plan,,,,100000,,,,,,,,,,,,,,,,0.21,NY am,14.5,62.253878527056,5.675,"📊 Trade Performance Summary
Symbol: @XAUUSD
Entry Price: $2734.93
Exit Price: $2751.96
P/L: $510.78
Trade Model: @Gap Guardian (Live)
Date: 10/22/2024",0,109687.36,510.78,,0,October,100,510.78,XAUUSD (https://www.notion.so/XAUUSD-199b632af110810a99e4fc7d09193617?pvs=21)
Trade #21,10/17/2024,10:00 am,0.3,2686.247,2725.41,2673.214,2725.41,132,,Gap Guardian (Live) (https://www.notion.so/Gap-Guardian-Live-199b632af11081df960fc988a6c3ac8d?pvs=21),109176.58,Prop Firms,,1980,1174.89,WIN,BUY,Thursday,Prop Firms (https://www.notion.so/Prop-Firms-199b632af110810282c0fd949b38d647?pvs=21),3,1,0,,,15m,,99709.1,Did Not Plan,,,,100000,,,,,,,,,,,,,,,,0.49,NY am,33,145.790763098107,13.033,"📊 Trade Performance Summary
Symbol: @XAUUSD
Entry Price: $2686.25
Exit Price: $2725.41
P/L: $1174.89
Trade Model: @Gap Guardian (Live)
Date: 10/17/2024",0,109176.58,1174.89,,0,October,100,1174.89,XAUUSD (https://www.notion.so/XAUUSD-199b632af110810a99e4fc7d09193617?pvs=21)
Trade #20,10/16/2024,10:15 am,0.3,2680.396,2657.542,2685.606,2685.606,42,,Gap Guardian (Live) (https://www.notion.so/Gap-Guardian-Live-199b632af11081df960fc988a6c3ac8d?pvs=21),108001.69,Prop Firms,,630,-156.3,LOSS,SELL,Wednesday,Prop Firms (https://www.notion.so/Prop-Firms-199b632af110810282c0fd949b38d647?pvs=21),4.39,0,1,,,15m,,99709.1,Did Not Plan,,,,100000,,,,,,,,,,,,,,,,0.19,NY am,10.5,-19.437426410127,5.21,"📊 Trade Performance Summary
Symbol: @XAUUSD
Entry Price: $2680.4
Exit Price: $2685.61
P/L: $-156.3
Trade Model: @Gap Guardian (Live)
Date: 10/16/2024",-0.001445108216,108157.99,156.3,Early Exit (https://www.notion.so/Early-Exit-1a1b632af11080faa612c1c1eae166e1?pvs=21),-156.3,October,100,0,XAUUSD (https://www.notion.so/XAUUSD-199b632af110810a99e4fc7d09193617?pvs=21)
Trade #19,10/15/2024,10:30 am,0.3,2654.106,2679.347,2645.685,2679.347,69,,Gap Guardian (Live) (https://www.notion.so/Gap-Guardian-Live-199b632af11081df960fc988a6c3ac8d?pvs=21),108157.99,Prop Firms,,1035,757.23,WIN,BUY,Tuesday,Prop Firms (https://www.notion.so/Prop-Firms-199b632af110810282c0fd949b38d647?pvs=21),3,1,0,,,15m,,99709.1,Did Not Plan,,,,100000,,,,,,,,,,,,,,,,0.32,NY am,17.25,95.101702795593,8.421,"📊 Trade Performance Summary
Symbol: @XAUUSD
Entry Price: $2654.11
Exit Price: $2679.35
P/L: $757.23
Trade Model: @Gap Guardian (Live)
Date: 10/15/2024",0,108157.99,757.23,,0,October,100,757.23,XAUUSD (https://www.notion.so/XAUUSD-199b632af110810a99e4fc7d09193617?pvs=21)
Trade #18,10/10/2024,9:30 am,0.3,2616.552,2653.152,2604.348,2653.152,93,,Gap Guardian (Live) (https://www.notion.so/Gap-Guardian-Live-199b632af11081df960fc988a6c3ac8d?pvs=21),107400.76,Prop Firms,,1395,1098,WIN,BUY,Thursday,Prop Firms (https://www.notion.so/Prop-Firms-199b632af110810282c0fd949b38d647?pvs=21),3,1,0,,,15m,,99709.1,Did Not Plan,,,,100000,,,,,,,,,,,,,,,,0.47,NY am,23.25,139.878741183053,12.204,"📊 Trade Performance Summary
Symbol: @XAUUSD
Entry Price: $2616.55
Exit Price: $2653.15
P/L: $1098
Trade Model: @Gap Guardian (Live)
Date: 10/10/2024",0,107400.76,1098,,0,October,100,1098,XAUUSD (https://www.notion.so/XAUUSD-199b632af110810a99e4fc7d09193617?pvs=21)
Trade #17,10/09/2024,10:30 am,0.3,2609.226,2622.9,2604.673,2604.673,84,,Gap Guardian (Live) (https://www.notion.so/Gap-Guardian-Live-199b632af11081df960fc988a6c3ac8d?pvs=21),106302.76,Prop Firms,,1260,-136.59,LOSS,BUY,Wednesday,Prop Firms (https://www.notion.so/Prop-Firms-199b632af110810282c0fd949b38d647?pvs=21),3,0,1,,,15m,,99709.1,Did Not Plan,,,,100000,,,,,,,,,,,,,,,,0.17,NY am,21,-17.449619159092,4.553,"📊 Trade Performance Summary
Symbol: @XAUUSD
Entry Price: $2609.23
Exit Price: $2604.67
P/L: $-136.59
Trade Model: @Gap Guardian (Live)
Date: 10/09/2024",-0.00128326601,106439.35,136.59,Missed (https://www.notion.so/Missed-1a1b632af11080fca742d5878c9c4b07?pvs=21),-136.59,October,100,0,XAUUSD (https://www.notion.so/XAUUSD-199b632af110810a99e4fc7d09193617?pvs=21)
Trade #16,10/08/2024,9:45 am,0.3,2641.721,2607.909,2652.992,2607.909,7,,Gap Guardian (Live) (https://www.notion.so/Gap-Guardian-Live-199b632af11081df960fc988a6c3ac8d?pvs=21),106439.35,Prop Firms,,105,1014.36,WIN,SELL,Tuesday,Prop Firms (https://www.notion.so/Prop-Firms-199b632af110810282c0fd949b38d647?pvs=21),3,1,0,,,15m,,99709.1,Did Not Plan,,,,100000,,,,,,,,,,,,,,,,0.43,NY am,1.75,127.992320157958,11.271,"📊 Trade Performance Summary
Symbol: @XAUUSD
Entry Price: $2641.72
Exit Price: $2607.91
P/L: $1014.36
Trade Model: @Gap Guardian (Live)
Date: 10/08/2024",0,106439.35,1014.36,,0,October,100,1014.36,XAUUSD (https://www.notion.so/XAUUSD-199b632af110810a99e4fc7d09193617?pvs=21)
Trade #15,10/03/2024,10:00 am,0.3,2641.099,2661.338,2634.378,2661.338,87,,Gap Guardian (Live) (https://www.notion.so/Gap-Guardian-Live-199b632af11081df960fc988a6c3ac8d?pvs=21),105424.99,Prop Firms,,1305,607.17,WIN,BUY,Thursday,Prop Firms (https://www.notion.so/Prop-Firms-199b632af110810282c0fd949b38d647?pvs=21),3.01,1,0,,,15m,,99709.1,Did Not Plan,,,,100000,,,,,,,,,,,,,,,,0.25,NY am,21.75,76.630978240498,6.721,"📊 Trade Performance Summary
Symbol: @XAUUSD
Entry Price: $2641.1
Exit Price: $2661.34
P/L: $607.17
Trade Model: @Gap Guardian (Live)
Date: 10/03/2024",0,105424.99,607.17,,0,October,100,607.17,XAUUSD (https://www.notion.so/XAUUSD-199b632af110810a99e4fc7d09193617?pvs=21)
Trade #14,10/02/2024,10:30 am,0.3,2644.599,2676.756,2633.937,2633.937,89,,Gap Guardian (Live) (https://www.notion.so/Gap-Guardian-Live-199b632af11081df960fc988a6c3ac8d?pvs=21),104817.82,Prop Firms,,1335,-319.86,LOSS,BUY,Wednesday,Prop Firms (https://www.notion.so/Prop-Firms-199b632af110810282c0fd949b38d647?pvs=21),3.02,0,1,,,15m,,99709.1,Did Not Plan,,,,100000,,,,,,,,,,,,,,,,0.4,NY am,22.25,-40.31613110343,10.662,"📊 Trade Performance Summary
Symbol: @XAUUSD
Entry Price: $2644.6
Exit Price: $2633.94
P/L: $-319.86
Trade Model: @Gap Guardian (Live)
Date: 10/02/2024",-0.003042296539,105137.68,319.86,Early Exit (https://www.notion.so/Early-Exit-1a1b632af11080faa612c1c1eae166e1?pvs=21),-319.86,October,100,0,XAUUSD (https://www.notion.so/XAUUSD-199b632af110810a99e4fc7d09193617?pvs=21)
Trade #13,10/01/2024,10:15 am,0.3,2661.45,2701.863,2648.041,2701.863,98,,Gap Guardian (Live) (https://www.notion.so/Gap-Guardian-Live-199b632af11081df960fc988a6c3ac8d?pvs=21),105137.68,Prop Firms,,1470,1212.39,WIN,BUY,Tuesday,Prop Firms (https://www.notion.so/Prop-Firms-199b632af110810282c0fd949b38d647?pvs=21),3.01,1,0,,,15m,,99709.1,Did Not Plan,,,,100000,,,,,,,,,,,,,,,,0.5,NY am,24.5,151.845798343009,13.409,"📊 Trade Performance Summary
Symbol: @XAUUSD
Entry Price: $2661.45
Exit Price: $2701.86
P/L: $1212.39
Trade Model: @Gap Guardian (Live)
Date: 10/01/2024",0,105137.68,1212.39,,0,October,100,1212.39,XAUUSD (https://www.notion.so/XAUUSD-199b632af110810a99e4fc7d09193617?pvs=21)
Trade #12,09/26/2024,9:30 am,0.3,2667.21,2695.1,2657.95,2695.1,17,,Gap Guardian (Live) (https://www.notion.so/Gap-Guardian-Live-199b632af11081df960fc988a6c3ac8d?pvs=21),103925.29,Prop Firms,,255,836.7,WIN,BUY,Thursday,Prop Firms (https://www.notion.so/Prop-Firms-199b632af110810282c0fd949b38d647?pvs=21),3.01,1,0,,,15m,,99709.1,Did Not Plan,,,,100000,,,,,,,,,,,,,,,,0.35,NY am,4.25,104.566194637843,9.26,"📊 Trade Performance Summary
Symbol: @XAUUSD
Entry Price: $2667.21
Exit Price: $2695.1
P/L: $836.7
Trade Model: @Gap Guardian (Live)
Date: 09/26/2024",0,103925.29,836.7,,0,September,100,836.7,XAUUSD (https://www.notion.so/XAUUSD-199b632af110810a99e4fc7d09193617?pvs=21)
Trade #11,09/25/2024,10:30 am,0.3,2655.08,2662.73,2652.53,2662.73,9,,Gap Guardian (Live) (https://www.notion.so/Gap-Guardian-Live-199b632af11081df960fc988a6c3ac8d?pvs=21),103088.59,Prop Firms,,135,229.5,WIN,BUY,Wednesday,Prop Firms (https://www.notion.so/Prop-Firms-199b632af110810282c0fd949b38d647?pvs=21),3,1,0,,,15m,,99709.1,Did Not Plan,,,,100000,,,,,,,,,,,,,,,,0.1,NY am,2.25,28.812691143016,2.55,"📊 Trade Performance Summary
Symbol: @XAUUSD
Entry Price: $2655.08
Exit Price: $2662.73
P/L: $229.5
Trade Model: @Gap Guardian (Live)
Date: 09/25/2024",0,103088.59,229.5,,0,September,100,229.5,XAUUSD (https://www.notion.so/XAUUSD-199b632af110810a99e4fc7d09193617?pvs=21)
Trade #10,09/24/2024,10:30 am,0.3,2636,2624.23,2639.9,2624.23,5,Target Hit,Gap Guardian (Live) (https://www.notion.so/Gap-Guardian-Live-199b632af11081df960fc988a6c3ac8d?pvs=21),102859.09,Prop Firms,,75,353.1,WIN,SELL,Tuesday,Prop Firms (https://www.notion.so/Prop-Firms-199b632af110810282c0fd949b38d647?pvs=21),3.02,1,0,,,15m,,99709.1,Did Not Plan,,,,100000,,,,,,,,,,,,,,,,0.15,NY am,1.25,44.650986342944,3.9,"📊 Trade Performance Summary
Symbol: @XAUUSD
Entry Price: $2636
Exit Price: $2624.23
P/L: $353.1
Trade Model: @Gap Guardian (Live)
Date: 09/24/2024",0,102859.09,353.1,,0,September,100,353.1,XAUUSD (https://www.notion.so/XAUUSD-199b632af110810a99e4fc7d09193617?pvs=21)
Trade #9,09/19/2024,9:30 am,0.3,2592.78,2571.25,2599.78,2571.25,17,,Gap Guardian (Live) (https://www.notion.so/Gap-Guardian-Live-199b632af11081df960fc988a6c3ac8d?pvs=21),102505.99,Prop Firms,,255,645.9,WIN,SELL,Thursday,Prop Firms (https://www.notion.so/Prop-Firms-199b632af110810282c0fd949b38d647?pvs=21),3.08,1,0,,,15m,,99709.1,Did Not Plan,,,,100000,,,,,,,,,,,,,,,,0.27,NY am,4.25,83.038283232669,7,"📊 Trade Performance Summary
Symbol: @XAUUSD
Entry Price: $2592.78
Exit Price: $2571.25
P/L: $645.9
Trade Model: @Gap Guardian (Live)
Date: 09/19/2024",0,102505.99,645.9,,0,September,100,645.9,XAUUSD (https://www.notion.so/XAUUSD-199b632af110810a99e4fc7d09193617?pvs=21)
Trade #8,09/18/2024,10:00 am,0.3,2571.11,2579.37,2568.36,2579.37,6,,Gap Guardian (Live) (https://www.notion.so/Gap-Guardian-Live-199b632af11081df960fc988a6c3ac8d?pvs=21),101860.09,Prop Firms,,90,247.8,WIN,BUY,Wednesday,Prop Firms (https://www.notion.so/Prop-Firms-199b632af110810282c0fd949b38d647?pvs=21),3,1,0,,,15m,,99709.1,Did Not Plan,,,,100000,,,,,,,,,,,,,,,,0.11,NY am,1.5,32.12620230173,2.75,"📊 Trade Performance Summary
Symbol: @XAUUSD
Entry Price: $2571.11
Exit Price: $2579.37
P/L: $247.8
Trade Model: @Gap Guardian (Live)
Date: 09/18/2024",-0.000638703739,101925.19,247.8,,0,September,100,247.8,XAUUSD (https://www.notion.so/XAUUSD-199b632af110810a99e4fc7d09193617?pvs=21)
Trade #7,09/17/2024,9:45 am,0.3,2574.29,2605.65,2563.86,2563.86,23,,Gap Guardian (Live) (https://www.notion.so/Gap-Guardian-Live-199b632af11081df960fc988a6c3ac8d?pvs=21),101612.29,Prop Firms,,345,-312.9,LOSS,BUY,Tuesday,Prop Firms (https://www.notion.so/Prop-Firms-199b632af110810282c0fd949b38d647?pvs=21),3.01,0,1,,,15m,,99709.1,Did Not Plan,,,,100000,,,,,,,,,,,,,,,,0.41,NY am,5.75,-40.516025777981,10.43,"📊 Trade Performance Summary
Symbol: @XAUUSD
Entry Price: $2574.29
Exit Price: $2563.86
P/L: $-312.9
Trade Model: @Gap Guardian (Live)
Date: 09/17/2024",-0.003069898619,101925.19,312.9,Late Entry (https://www.notion.so/Late-Entry-1a1b632af11080fcae34e4a94aac29ca?pvs=21),-312.9,September,100,0,XAUUSD (https://www.notion.so/XAUUSD-199b632af110810a99e4fc7d09193617?pvs=21)
Trade #6,09/12/2024,10:30 am,0.3,2514.53,2524.87,2511.08,2524.87,7,,Gap Guardian (Live) (https://www.notion.so/Gap-Guardian-Live-199b632af11081df960fc988a6c3ac8d?pvs=21),101925.19,Prop Firms,,105,310.2,WIN,BUY,Thursday,Prop Firms (https://www.notion.so/Prop-Firms-199b632af110810282c0fd949b38d647?pvs=21),3,1,0,,,15m,,99709.1,Did Not Plan,,,,100000,,,,,,,,,,,,,,,,0.14,NY am,1.75,41.121004720564,3.45,"📊 Trade Performance Summary
Symbol: @XAUUSD
Entry Price: $2514.53
Exit Price: $2524.87
P/L: $310.2
Trade Model: @Gap Guardian (Live)
Date: 09/12/2024",0,101925.19,310.2,,0,September,100,310.2,XAUUSD (https://www.notion.so/XAUUSD-199b632af110810a99e4fc7d09193617?pvs=21)
Trade #5,09/11/2024,10:30 am,0.3,2521.54,2504.67,2527.15,2504.67,8,,Gap Guardian (Live) (https://www.notion.so/Gap-Guardian-Live-199b632af11081df960fc988a6c3ac8d?pvs=21),101614.99,Prop Firms,,120,506.1,WIN,SELL,Wednesday,Prop Firms (https://www.notion.so/Prop-Firms-199b632af110810282c0fd949b38d647?pvs=21),3.01,1,0,,,15m,,99709.1,Did Not Plan,,,,100000,,,,,,,,,,,,,,,,0.22,NY am,2,66.903558936206,5.61,"📊 Trade Performance Summary
Symbol: @XAUUSD
Entry Price: $2521.54
Exit Price: $2504.67
P/L: $506.1
Trade Model: @Gap Guardian (Live)
Date: 09/11/2024",0,101614.99,506.1,,0,September,100,506.1,XAUUSD (https://www.notion.so/XAUUSD-199b632af110810a99e4fc7d09193617?pvs=21)
Trade #4,09/10/2024,9:45 am,0.3,2503.21,2512.98,2500.04,2512.98,12,,Gap Guardian (Live) (https://www.notion.so/Gap-Guardian-Live-199b632af11081df960fc988a6c3ac8d?pvs=21),101108.89,Prop Firms,,180,293.1,WIN,BUY,Tuesday,Prop Firms (https://www.notion.so/Prop-Firms-199b632af110810282c0fd949b38d647?pvs=21),3.08,1,0,,,15m,,99709.1,Did Not Plan,,,,100000,,,,,,,,,,,"• Review and adjust your trading plan based on recent trade outcomes.
• Practice disciplined decision-making to manage emotions better.
• Identify patterns in trades to refine your strategy.",,Consolidation,,,0.13,NY am,3,39.029885626855,3.17,"📊 Trade Performance Summary
Symbol: @XAUUSD
Entry Price: $2503.21
Exit Price: $2512.98
P/L: $293.1
Trade Model: @Gap Guardian (Live)
Date: 09/10/2024",0,101108.89,293.1,,0,September,100,293.1,XAUUSD (https://www.notion.so/XAUUSD-199b632af110810a99e4fc7d09193617?pvs=21)
Trade #3,09/05/2024,10:30 am,0.3,2517.4,2496.43,2524.4,2524.4,7,,Gap Guardian (Live) (https://www.notion.so/Gap-Guardian-Live-199b632af11081df960fc988a6c3ac8d?pvs=21),100815.79,Prop Firms,,105,-210,LOSS,SELL,Thursday,Prop Firms (https://www.notion.so/Prop-Firms-199b632af110810282c0fd949b38d647?pvs=21),3,0,1,,,15m,,99709.1,Did Not Follow Plan,"10:00 am,8:15 am,8:30 am","ADP Non-Farm Employment Change,ISM Services PMI,Unemployment Claims",,100000,,,,0,,,,,3 (https://www.notion.so/3-199b632af1108168ab6fe0f7ac8783e8?pvs=21),,,,Bearish,"ADP Non-Farm Employment Change,Unemployment Claims,ISM Services PMI","8:15 am,8:30 am,10:00 am",0.28,NY am,1.75,-27.806466989751,7,"📊 Trade Performance Summary
Symbol: @XAUUSD
Entry Price: $2517.4
Exit Price: $2524.4
P/L: $-210
Trade Model: @Gap Guardian (Live)
Date: 09/05/2024",-0.002078677138,101025.79,210,Early Exit (https://www.notion.so/Early-Exit-1a1b632af11080faa612c1c1eae166e1?pvs=21),-210,September,100,0,XAUUSD (https://www.notion.so/XAUUSD-199b632af110810a99e4fc7d09193617?pvs=21)
Trade #2,09/04/2024,9:45am,0.3,2478.75,2499.22,2471.93,2499.22,18,,Gap Guardian (Live) (https://www.notion.so/Gap-Guardian-Live-199b632af11081df960fc988a6c3ac8d?pvs=21),101025.79,Prop Firms,,270,614.1,WIN,BUY,Wednesday,Prop Firms (https://www.notion.so/Prop-Firms-199b632af110810282c0fd949b38d647?pvs=21),3,1,0,,,15m,,99709.1,Did Not Follow Plan,10:00 am,JOLTS Job Openings,,100000,,,,0,,,,,2 (https://www.notion.so/2-199b632af1108177a7b4d80245a2748b?pvs=21),,"• Review and refine your trading plan to enhance adherence during trades.
• Analyze emotional triggers to improve decision-making under stress.
• Identify better entry and exit points for future trades.",,Bullish,JOLTS Job Openings,10:00 am,0.28,NY am,4.5,82.581946545638,6.82,"📊 Trade Performance Summary
Symbol: @XAUUSD
Entry Price: $2478.75
Exit Price: $2499.22
P/L: $614.1
Trade Model: @Gap Guardian (Live)
Date: 09/04/2024",0,101025.79,614.1,,0,September,100,614.1,XAUUSD (https://www.notion.so/XAUUSD-199b632af110810a99e4fc7d09193617?pvs=21)
Trade #1,09/03/2024,9:30 am,0.3,2503.341,2489.618,2507.496,2489.618,8,Target Hit,Gap Guardian (Live) (https://www.notion.so/Gap-Guardian-Live-199b632af11081df960fc988a6c3ac8d?pvs=21),100411.69,Prop Firms,,120,411.69,WIN,SELL,Tuesday,Prop Firms (https://www.notion.so/Prop-Firms-199b632af110810282c0fd949b38d647?pvs=21),3.3,1,0,,,15m,,99709.1,Did Not Follow Plan,10:00 am,ISM Manufacturing PMI,,100000,,,,0,,,,,1 (https://www.notion.so/1-199b632af110810f9db6c8467fbe3494?pvs=21),,"• Review and adjust your trading plan to ensure alignment with your strategies.
• Analyze emotional triggers to enhance decision-making discipline.
• Identify potential entry and exit points for future trades to improve execution.",Business Survey (https://www.notion.so/Business-Survey-199b632af1108190a995dfd43e2a060e?pvs=21),Bullish,ISM Manufacturing PMI,10:00 am,0.17,NY am,2,54.818740235549,4.155,"📊 Trade Performance Summary
Symbol: @XAUUSD
Entry Price: $2503.34
Exit Price: $2489.62
P/L: $411.69
Trade Model: @Gap Guardian (Live)
Date: 09/03/2024",0,100411.69,411.69,,0,September,100,411.69,XAUUSD (https://www.notion.so/XAUUSD-199b632af110810a99e4fc7d09193617?pvs=21)
bt #78,02/27/2025,10:10 am,0.3,2877.044,2851.582,2885.511,2851.582,45,Target Hit,Gap Guardian (Backtest) (https://www.notion.so/Gap-Guardian-Backtest-199b632af110813ead66d6c7efda5247?pvs=21),104758.18,Prop Firms,,675,763.86,WIN,SELL,Thursday,Backtest (https://www.notion.so/Backtest-199b632af1108129a338dbf79fbb51ac?pvs=21),3.01,1,0,,,15m,,104758.18,Did Not Plan,,,,100000,,,,,,,,,,,,,,,,0.29,NY am,11.25,88.500558211831,8.467,"📊 Trade Performance Summary
Symbol: @XAUUSD
Entry Price: $2877.04
Exit Price: $2851.58
P/L: $763.86
Trade Model: @Gap Guardian (Backtest)
Date: 02/27/2025",0,104758.18,763.86,,0,February,100,763.86,XAUUSD (https://www.notion.so/XAUUSD-199b632af110810a99e4fc7d09193617?pvs=21)
bt #77,02/26/2025,9:30 am,0.3,2901.284,2919.869,2895.144,2919.869,30,Target Hit,Gap Guardian (Backtest) (https://www.notion.so/Gap-Guardian-Backtest-199b632af110813ead66d6c7efda5247?pvs=21),103994.32,Prop Firms,,450,557.55,WIN,BUY,Wednesday,Backtest (https://www.notion.so/Backtest-199b632af1108129a338dbf79fbb51ac?pvs=21),3.03,1,0,,,15m,,104758.18,Did Not Plan,,,,100000,,,,,,,,,,,,,,,,0.21,NY am,7.5,64.057844733573,6.14,"📊 Trade Performance Summary
Symbol: @XAUUSD
Entry Price: $2901.28
Exit Price: $2919.87
P/L: $557.55
Trade Model: @Gap Guardian (Backtest)
Date: 02/26/2025",0,103994.32,557.55,,0,February,100,557.55,XAUUSD (https://www.notion.so/XAUUSD-199b632af110810a99e4fc7d09193617?pvs=21)
bt #76,02/25/2025,9:30 am,0.3,2943.05,2929.193,2947.645,2929.193,3,Target Hit,Gap Guardian (Backtest) (https://www.notion.so/Gap-Guardian-Backtest-199b632af110813ead66d6c7efda5247?pvs=21),103436.77,Prop Firms,,45,415.71,WIN,SELL,Tuesday,Backtest (https://www.notion.so/Backtest-199b632af1108129a338dbf79fbb51ac?pvs=21),3.02,1,0,,,15m,,104758.18,Did Not Plan,,,,100000,,,,,,,,,,,,,,,,0.16,NY am,0.75,47.08380761455,4.595,"📊 Trade Performance Summary
Symbol: @XAUUSD
Entry Price: $2943.05
Exit Price: $2929.19
P/L: $415.71
Trade Model: @Gap Guardian (Backtest)
Date: 02/25/2025",0,103436.77,415.71,,0,February,100,415.71,XAUUSD (https://www.notion.so/XAUUSD-199b632af110810a99e4fc7d09193617?pvs=21)
bt #75,02/20/2025,10:00 am,0.3,2932.75,2942.987,2929.337,2942.987,6,Target Hit,Gap Guardian (Backtest) (https://www.notion.so/Gap-Guardian-Backtest-199b632af110813ead66d6c7efda5247?pvs=21),103021.06,Prop Firms,,90,307.11,WIN,BUY,Thursday,Backtest (https://www.notion.so/Backtest-199b632af1108129a338dbf79fbb51ac?pvs=21),3,1,0,,,15m,,104758.18,Did Not Plan,,,,100000,,,,,,,,,,,,,,,,0.12,NY am,1.5,34.905805131702,3.413,"📊 Trade Performance Summary
Symbol: @XAUUSD
Entry Price: $2932.75
Exit Price: $2942.99
P/L: $307.11
Trade Model: @Gap Guardian (Backtest)
Date: 02/20/2025",0,103021.06,307.11,,0,February,100,307.11,XAUUSD (https://www.notion.so/XAUUSD-199b632af110810a99e4fc7d09193617?pvs=21)
bt #74,02/19/2025,9:45 am,0.3,2939.726,2933.688,2941.739,2933.688,3,Target Hit,Gap Guardian (Backtest) (https://www.notion.so/Gap-Guardian-Backtest-199b632af110813ead66d6c7efda5247?pvs=21),102713.95,Prop Firms,,45,181.14,WIN,SELL,Wednesday,Backtest (https://www.notion.so/Backtest-199b632af1108129a338dbf79fbb51ac?pvs=21),3,1,0,,,15m,,104758.18,Did Not Plan,,,,100000,,,,,,,,,,,,,,,,0.07,NY am,0.75,20.539329175576,2.013,"📊 Trade Performance Summary
Symbol: @XAUUSD
Entry Price: $2939.73
Exit Price: $2933.69
P/L: $181.14
Trade Model: @Gap Guardian (Backtest)
Date: 02/19/2025",0,102713.95,181.14,,0,February,100,181.14,XAUUSD (https://www.notion.so/XAUUSD-199b632af110810a99e4fc7d09193617?pvs=21)
bt #73,02/18/2025,9:30 am,0.3,2922.479,2929.845,2920.022,2929.845,9,Target Hit,Gap Guardian (Backtest) (https://www.notion.so/Gap-Guardian-Backtest-199b632af110813ead66d6c7efda5247?pvs=21),102532.81,Prop Firms,,135,220.98,WIN,BUY,Tuesday,Backtest (https://www.notion.so/Backtest-199b632af1108129a338dbf79fbb51ac?pvs=21),3,1,0,,,15m,,104758.18,Did Not Plan,,,,100000,,,,,,,,,,,,,,,,0.08,NY am,2.25,25.204629357474,2.457,"📊 Trade Performance Summary
Symbol: @XAUUSD
Entry Price: $2922.48
Exit Price: $2929.85
P/L: $220.98
Trade Model: @Gap Guardian (Backtest)
Date: 02/18/2025",0,102532.81,220.98,,0,February,100,220.98,XAUUSD (https://www.notion.so/XAUUSD-199b632af110810a99e4fc7d09193617?pvs=21)
bt #72,02/13/2025,9:45 am,0.3,2913.767,2927.164,2909.298,2927.164,19,,Gap Guardian (Backtest) (https://www.notion.so/Gap-Guardian-Backtest-199b632af110813ead66d6c7efda5247?pvs=21),102311.83,Prop Firms,,285,401.91,WIN,BUY,Thursday,Backtest (https://www.notion.so/Backtest-199b632af1108129a338dbf79fbb51ac?pvs=21),3,1,0,,,15m,,104758.18,Did Not Plan,,,,100000,,,,,,,,,,,,,,,,0.15,NY am,4.75,45.978281722595,4.469,"📊 Trade Performance Summary
Symbol: @XAUUSD
Entry Price: $2913.77
Exit Price: $2927.16
P/L: $401.91
Trade Model: @Gap Guardian (Backtest)
Date: 02/13/2025",0,102311.83,401.91,,0,February,100,401.91,XAUUSD (https://www.notion.so/XAUUSD-199b632af110810a99e4fc7d09193617?pvs=21)
bt #71,02/12/2025,9:45 am,0.3,2890.293,2914.614,2882.214,2914.614,46,,Gap Guardian (Backtest) (https://www.notion.so/Gap-Guardian-Backtest-199b632af110813ead66d6c7efda5247?pvs=21),101909.92,Prop Firms,,690,729.63,WIN,BUY,Wednesday,Backtest (https://www.notion.so/Backtest-199b632af1108129a338dbf79fbb51ac?pvs=21),3.01,1,0,,,15m,,104758.18,Did Not Plan,,,,100000,,,,,,,,,,,,,,,,0.28,NY am,11.5,84.147178158062,8.079,"📊 Trade Performance Summary
Symbol: @XAUUSD
Entry Price: $2890.29
Exit Price: $2914.61
P/L: $729.63
Trade Model: @Gap Guardian (Backtest)
Date: 02/12/2025",0,101909.92,729.63,,0,February,100,729.63,XAUUSD (https://www.notion.so/XAUUSD-199b632af110810a99e4fc7d09193617?pvs=21)
bt #69,02/06/2025,9:30 am,0.3,2857.86,2836.181,2865.087,2836.181,4,,Gap Guardian (Backtest) (https://www.notion.so/Gap-Guardian-Backtest-199b632af110813ead66d6c7efda5247?pvs=21),101342.5,Prop Firms,,60,650.37,WIN,SELL,Thursday,Backtest (https://www.notion.so/Backtest-199b632af1108129a338dbf79fbb51ac?pvs=21),3,1,0,,,15m,,104758.18,Did Not Plan,,,,100000,,,,,,,,,,,,,,,,0.25,NY am,1,75.857459777596,7.227,"📊 Trade Performance Summary
Symbol: @XAUUSD
Entry Price: $2857.86
Exit Price: $2836.18
P/L: $650.37
Trade Model: @Gap Guardian (Backtest)
Date: 02/06/2025",0,101342.5,650.37,,0,February,100,650.37,XAUUSD (https://www.notion.so/XAUUSD-199b632af110810a99e4fc7d09193617?pvs=21)
bt #68,02/05/2025,9:45 am,0.3,2866.006,2877.883,2862.047,2877.883,4,,Gap Guardian (Live) (https://www.notion.so/Gap-Guardian-Live-199b632af11081df960fc988a6c3ac8d?pvs=21),100692.13,Prop Firms,,60,356.31,WIN,BUY,Wednesday,Backtest (https://www.notion.so/Backtest-199b632af1108129a338dbf79fbb51ac?pvs=21),3,1,0,,,15m,,104758.18,Did Not Plan,,,,100000,,,,,,,,,,,,,,,,0.14,NY am,1,41.440946041285,3.959,"📊 Trade Performance Summary
Symbol: @XAUUSD
Entry Price: $2866.01
Exit Price: $2877.88
P/L: $356.31
Trade Model: @Gap Guardian (Live)
Date: 02/05/2025",0,100692.13,356.31,,0,February,100,356.31,XAUUSD (https://www.notion.so/XAUUSD-199b632af110810a99e4fc7d09193617?pvs=21)
bt #67,02/04/2025,10:30 am,0.3,2835.329,2846.523,2831.606,2846.523,32,,Gap Guardian (Live) (https://www.notion.so/Gap-Guardian-Live-199b632af11081df960fc988a6c3ac8d?pvs=21),100335.82,Prop Firms,,480,335.82,WIN,BUY,Tuesday,Backtest (https://www.notion.so/Backtest-199b632af1108129a338dbf79fbb51ac?pvs=21),3.01,1,0,,,15m,,104758.18,Did Not Plan,,,,100000,,,,,,,,,,,,,,,,0.13,NY am,8,39.480427139143,3.723,"📊 Trade Performance Summary
Symbol: @XAUUSD
Entry Price: $2835.33
Exit Price: $2846.52
P/L: $335.82
Trade Model: @Gap Guardian (Live)
Date: 02/04/2025",0,100335.82,335.82,,0,February,100,335.82,XAUUSD (https://www.notion.so/XAUUSD-199b632af110810a99e4fc7d09193617?pvs=21)
bt  #70,02/11/2025,9:30 am,0.3,2902.032,2885.813,2907.439,2907.439,7,,Gap Guardian (Backtest) (https://www.notion.so/Gap-Guardian-Backtest-199b632af110813ead66d6c7efda5247?pvs=21),101180.29,Prop Firms,,105,-162.21,LOSS,SELL,Tuesday,Backtest (https://www.notion.so/Backtest-199b632af1108129a338dbf79fbb51ac?pvs=21),3,0,1,,,15m,,104758.18,Did Not Plan,,,,100000,,,,,,,,,,,,,,,,0.19,NY am,1.75,-18.631772495961,5.407,"📊 Trade Performance Summary
Symbol: @XAUUSD
Entry Price: $2902.03
Exit Price: $2907.44
P/L: $-162.21
Trade Model: @Gap Guardian (Backtest)
Date: 02/11/2025",-0.001600611787,101342.5,162.21,Did Not Plan (https://www.notion.so/Did-Not-Plan-1a1b632af110804db647db8c4986825a?pvs=21),-162.21,February,100,0,XAUUSD (https://www.notion.so/XAUUSD-199b632af110810a99e4fc7d09193617?pvs=21)